{
  "1_1": {
    "precision": 1.0,
    "recall": 1.0,
    "f1-score": 1.0,
    "support": 28.0
  },
  "1_10": {
    "precision": 1.0,
    "recall": 1.0,
    "f1-score": 1.0,
    "support": 2.0
  },
  "1_11": {
    "precision": 0.9787234042553191,
    "recall": 0.9787234042553191,
    "f1-score": 0.9787234042553191,
    "support": 47.0
  },
  "1_11_1": {
    "precision": 0.9833333333333333,
    "recall": 0.9833333333333333,
    "f1-score": 0.9833333333333333,
    "support": 60.0
  },
  "1_12": {
    "precision": 1.0,
    "recall": 1.0,
    "f1-score": 1.0,
    "support": 22.0
  },
  "1_12_2": {
    "precision": 1.0,
    "recall": 1.0,
    "f1-score": 1.0,
    "support": 22.0
  },
  "1_13": {
    "precision": 1.0,
    "recall": 1.0,
    "f1-score": 1.0,
    "support": 8.0
  },
  "1_14": {
    "precision": 1.0,
    "recall": 1.0,
    "f1-score": 1.0,
    "support": 11.0
  },
  "1_15": {
    "precision": 1.0,
    "recall": 1.0,
    "f1-score": 1.0,
    "support": 26.0
  },
  "1_16": {
    "precision": 1.0,
    "recall": 1.0,
    "f1-score": 1.0,
    "support": 41.0
  },
  "1_17": {
    "precision": 1.0,
    "recall": 1.0,
    "f1-score": 1.0,
    "support": 160.0
  },
  "1_18": {
    "precision": 1.0,
    "recall": 1.0,
    "f1-score": 1.0,
    "support": 2.0
  },
  "1_19": {
    "precision": 1.0,
    "recall": 1.0,
    "f1-score": 1.0,
    "support": 5.0
  },
  "1_2": {
    "precision": 1.0,
    "recall": 1.0,
    "f1-score": 1.0,
    "support": 40.0
  },
  "1_20": {
    "precision": 1.0,
    "recall": 1.0,
    "f1-score": 1.0,
    "support": 11.0
  },
  "1_20_2": {
    "precision": 0.9782608695652174,
    "recall": 1.0,
    "f1-score": 0.989010989010989,
    "support": 45.0
  },
  "1_20_3": {
    "precision": 1.0,
    "recall": 0.9166666666666666,
    "f1-score": 0.9565217391304348,
    "support": 12.0
  },
  "1_21": {
    "precision": 1.0,
    "recall": 1.0,
    "f1-score": 1.0,
    "support": 12.0
  },
  "1_22": {
    "precision": 1.0,
    "recall": 1.0,
    "f1-score": 1.0,
    "support": 114.0
  },
  "1_23": {
    "precision": 0.997275204359673,
    "recall": 1.0,
    "f1-score": 0.9986357435197817,
    "support": 366.0
  },
  "1_25": {
    "precision": 1.0,
    "recall": 1.0,
    "f1-score": 1.0,
    "support": 122.0
  },
  "1_26": {
    "precision": 1.0,
    "recall": 1.0,
    "f1-score": 1.0,
    "support": 1.0
  },
  "1_27": {
    "precision": 1.0,
    "recall": 1.0,
    "f1-score": 1.0,
    "support": 10.0
  },
  "1_31": {
    "precision": 1.0,
    "recall": 1.0,
    "f1-score": 1.0,
    "support": 2.0
  },
  "1_33": {
    "precision": 1.0,
    "recall": 1.0,
    "f1-score": 1.0,
    "support": 17.0
  },
  "1_5": {
    "precision": 1.0,
    "recall": 1.0,
    "f1-score": 1.0,
    "support": 10.0
  },
  "1_7": {
    "precision": 1.0,
    "recall": 1.0,
    "f1-score": 1.0,
    "support": 1.0
  },
  "1_8": {
    "precision": 1.0,
    "recall": 1.0,
    "f1-score": 1.0,
    "support": 40.0
  },
  "2_1": {
    "precision": 0.9992732558139535,
    "recall": 1.0,
    "f1-score": 0.9996364958197019,
    "support": 1375.0
  },
  "2_2": {
    "precision": 1.0,
    "recall": 0.971830985915493,
    "f1-score": 0.9857142857142858,
    "support": 71.0
  },
  "2_3": {
    "precision": 0.9814814814814815,
    "recall": 1.0,
    "f1-score": 0.9906542056074766,
    "support": 53.0
  },
  "2_3_2": {
    "precision": 1.0,
    "recall": 1.0,
    "f1-score": 1.0,
    "support": 117.0
  },
  "2_3_3": {
    "precision": 1.0,
    "recall": 0.9868421052631579,
    "f1-score": 0.9933774834437086,
    "support": 76.0
  },
  "2_3_4": {
    "precision": 1.0,
    "recall": 1.0,
    "f1-score": 1.0,
    "support": 1.0
  },
  "2_3_6": {
    "precision": 1.0,
    "recall": 1.0,
    "f1-score": 1.0,
    "support": 1.0
  },
  "2_4": {
    "precision": 0.9980119284294234,
    "recall": 1.0,
    "f1-score": 0.9990049751243781,
    "support": 502.0
  },
  "2_5": {
    "precision": 1.0,
    "recall": 0.9852941176470589,
    "f1-score": 0.9925925925925926,
    "support": 68.0
  },
  "2_6": {
    "precision": 1.0,
    "recall": 1.0,
    "f1-score": 1.0,
    "support": 10.0
  },
  "2_7": {
    "precision": 1.0,
    "recall": 1.0,
    "f1-score": 1.0,
    "support": 1.0
  },
  "3_1": {
    "precision": 0.9905660377358491,
    "recall": 1.0,
    "f1-score": 0.995260663507109,
    "support": 105.0
  },
  "3_10": {
    "precision": 1.0,
    "recall": 1.0,
    "f1-score": 1.0,
    "support": 6.0
  },
  "3_11": {
    "precision": 1.0,
    "recall": 1.0,
    "f1-score": 1.0,
    "support": 11.0
  },
  "3_12": {
    "precision": 1.0,
    "recall": 1.0,
    "f1-score": 1.0,
    "support": 5.0
  },
  "3_13": {
    "precision": 1.0,
    "recall": 1.0,
    "f1-score": 1.0,
    "support": 33.0
  },
  "3_14": {
    "precision": 1.0,
    "recall": 1.0,
    "f1-score": 1.0,
    "support": 4.0
  },
  "3_18": {
    "precision": 1.0,
    "recall": 1.0,
    "f1-score": 1.0,
    "support": 32.0
  },
  "3_18_2": {
    "precision": 1.0,
    "recall": 1.0,
    "f1-score": 1.0,
    "support": 23.0
  },
  "3_19": {
    "precision": 1.0,
    "recall": 1.0,
    "f1-score": 1.0,
    "support": 8.0
  },
  "3_2": {
    "precision": 1.0,
    "recall": 1.0,
    "f1-score": 1.0,
    "support": 23.0
  },
  "3_20": {
    "precision": 0.9951219512195122,
    "recall": 1.0,
    "f1-score": 0.9975550122249389,
    "support": 204.0
  },
  "3_21": {
    "precision": 1.0,
    "recall": 1.0,
    "f1-score": 1.0,
    "support": 39.0
  },
  "3_24": {
    "precision": 1.0,
    "recall": 0.9979757085020243,
    "f1-score": 0.9989868287740629,
    "support": 494.0
  },
  "3_25": {
    "precision": 1.0,
    "recall": 1.0,
    "f1-score": 1.0,
    "support": 24.0
  },
  "3_27": {
    "precision": 0.9976905311778291,
    "recall": 1.0,
    "f1-score": 0.9988439306358381,
    "support": 432.0
  },
  "3_28": {
    "precision": 1.0,
    "recall": 0.9761904761904762,
    "f1-score": 0.9879518072289156,
    "support": 42.0
  },
  "3_29": {
    "precision": 1.0,
    "recall": 1.0,
    "f1-score": 1.0,
    "support": 8.0
  },
  "3_30": {
    "precision": 1.0,
    "recall": 1.0,
    "f1-score": 1.0,
    "support": 7.0
  },
  "3_31": {
    "precision": 1.0,
    "recall": 1.0,
    "f1-score": 1.0,
    "support": 22.0
  },
  "3_32": {
    "precision": 1.0,
    "recall": 1.0,
    "f1-score": 1.0,
    "support": 11.0
  },
  "3_4": {
    "precision": 1.0,
    "recall": 1.0,
    "f1-score": 1.0,
    "support": 5.0
  },
  "3_4_1": {
    "precision": 1.0,
    "recall": 1.0,
    "f1-score": 1.0,
    "support": 69.0
  },
  "3_6": {
    "precision": 1.0,
    "recall": 1.0,
    "f1-score": 1.0,
    "support": 1.0
  },
  "4_1_1": {
    "precision": 1.0,
    "recall": 1.0,
    "f1-score": 1.0,
    "support": 262.0
  },
  "4_1_2": {
    "precision": 1.0,
    "recall": 1.0,
    "f1-score": 1.0,
    "support": 50.0
  },
  "4_1_2_1": {
    "precision": 1.0,
    "recall": 1.0,
    "f1-score": 1.0,
    "support": 22.0
  },
  "4_1_2_2": {
    "precision": 1.0,
    "recall": 1.0,
    "f1-score": 1.0,
    "support": 18.0
  },
  "4_1_3": {
    "precision": 1.0,
    "recall": 1.0,
    "f1-score": 1.0,
    "support": 6.0
  },
  "4_1_4": {
    "precision": 1.0,
    "recall": 0.9924242424242424,
    "f1-score": 0.9961977186311787,
    "support": 132.0
  },
  "4_1_5": {
    "precision": 1.0,
    "recall": 1.0,
    "f1-score": 1.0,
    "support": 27.0
  },
  "4_1_6": {
    "precision": 1.0,
    "recall": 1.0,
    "f1-score": 1.0,
    "support": 9.0
  },
  "4_2_1": {
    "precision": 0.9927007299270073,
    "recall": 1.0,
    "f1-score": 0.9963369963369964,
    "support": 136.0
  },
  "4_2_2": {
    "precision": 1.0,
    "recall": 0.9841269841269841,
    "f1-score": 0.992,
    "support": 63.0
  },
  "4_2_3": {
    "precision": 1.0,
    "recall": 1.0,
    "f1-score": 1.0,
    "support": 139.0
  },
  "4_3": {
    "precision": 1.0,
    "recall": 1.0,
    "f1-score": 1.0,
    "support": 21.0
  },
  "4_8_2": {
    "precision": 1.0,
    "recall": 1.0,
    "f1-score": 1.0,