{
  "accuracy": 0.9984382705901693,
  "precision_macro": 0.9990755531351512,
  "recall_macro": 0.9966549461227047,
  "f1_macro": 0.9977656713592107,
  "mean_confidence": 0.9009625956198112
}