{
  "arch": "vit_b_16",
  "device": "cuda",
  "img_size": 224,
  "epochs_run": 15,
  "best_val_acc": 0.9973704969760715,
  "test_acc": 0.9980272891665297,
  "test_loss": 0.8200490537509701,
  "avg_inference_ms": 5.041866302490234,
  "model_size_mb": 327.7036552429199,
  "num_classes": 139,
  "checkpoint": "runs\\experiment_1\\vit_b_16\\best.pt"
}